latitude,longitude,event_date,elevation,slope,aspect,curvature,landslide_type,state,region,source,landslide,provenance,rain_24h,rain_72h,rain_7d,rain_14d,rainfall_intensity
27.12,88.25,2014-01-20,488.0,33.91,168.82,5.1081,None,Sikkim,Gangtok / Teesta Monitored Domain,"Observational grid (9.53km buffer from nearest event, real DEM & archive rain)",0,no_recorded_landslide_in_inventory,0.0,0.5,1.4,2.9,0.0
27.12,88.25,2014-07-15,488.0,33.91,168.82,5.1081,None,Sikkim,Gangtok / Teesta Monitored Domain,"Observational grid (9.53km buffer from nearest event, real DEM & archive rain)",0,no_recorded_landslide_in_inventory,39.3,53.3,75.3,180.6,0.737
27.12,88.25,2015-12-10,488.0,33.91,168.82,5.1081,None,Sikkim,Gangtok / Teesta Monitored Domain,"Observational grid (9.53km buffer from nearest event, real DEM & archive rain)",0,no_recorded_landslide_in_inventory,0.0,0.0,0.3,18.3,0.0
27.12,88.25,2016-08-05,488.0,33.91,168.82,5.1081,None,Sikkim,Gangtok / Teesta Monitored Domain,"Observational grid (9.53km buffer from nearest event, real DEM & archive rain)",0,no_recorded_landslide_in_inventory,2.3,5.5,25.6,486.0,0.418
27.12,88.25,2017-02-15,488.0,33.91,168.82,5.1081,None,Sikkim,Gangtok / Teesta Monitored Domain,"Observational grid (9.53km buffer from nearest event, real DEM & archive rain)",0,no_recorded_landslide_in_inventory,0.0,0.0,5.2,19.0,0.0
27.12,88.3056,2014-01-20,508.0,29.44,167.08,2.3661,None,Sikkim,Gangtok / Teesta Monitored Domain,"Observational grid (7.99km buffer from nearest event, real DEM & archive rain)",0,no_recorded_landslide_in_inventory,0.0,0.5,1.4,2.9,0.0
27.12,88.3056,2014-07-15,508.0,29.44,167.08,2.3661,None,Sikkim,Gangtok / Teesta Monitored Domain,"Observational grid (7.99km buffer from nearest event, real DEM & archive rain)",0,no_recorded_landslide_in_inventory,39.3,53.3,75.3,180.6,0.737
27.12,88.3056,2015-12-10,508.0,29.44,167.08,2.3661,None,Sikkim,Gangtok / Teesta Monitored Domain,"Observational grid (7.99km buffer from nearest event, real DEM & archive rain)",0,no_recorded_landslide_in_inventory,0.0,0.0,0.3,18.3,0.0
27.12,88.3056,2016-08-05,508.0,29.44,167.08,2.3661,None,Sikkim,Gangtok / Teesta Monitored Domain,"Observational grid (7.99km buffer from nearest event, real DEM & archive rain)",0,no_recorded_landslide_in_inventory,2.3,5.5,25.6,486.0,0.418
27.12,88.3056,2017-02-15,508.0,29.44,167.08,2.3661,None,Sikkim,Gangtok / Teesta Monitored Domain,"Observational grid (7.99km buffer from nearest event, real DEM & archive rain)",0,no_recorded_landslide_in_inventory,0.0,0.0,5.2,19.0,0.0
27.12,88.3611,2014-01-20,510.0,28.23,72.86,0.5593,None,Sikkim,Gangtok / Teesta Monitored Domain,"Observational grid (3.62km buffer from nearest event, real DEM & archive rain)",0,no_recorded_landslide_in_inventory,0.0,0.5,1.4,2.9,0.0
27.12,88.3611,2014-07-15,510.0,28.23,72.86,0.5593,None,Sikkim,Gangtok / Teesta Monitored Domain,"Observational grid (3.62km buffer from nearest event, real DEM & archive rain)",0,no_recorded_landslide_in_inventory,39.3,53.3,75.3,180.6,0.737
27.12,88.3611,2015-12-10,510.0,28.23,72.86,0.5593,None,Sikkim,Gangtok / Teesta Monitored Domain,"Observational grid (3.62km buffer from nearest event, real DEM & archive rain)",0,no_recorded_landslide_in_inventory,0.0,0.0,0.3,18.3,0.0
27.12,88.3611,2016-08-05,510.0,28.23,72.86,0.5593,None,Sikkim,Gangtok / Teesta Monitored Domain,"Observational grid (3.62km buffer from nearest event, real DEM & archive rain)",0,no_recorded_landslide_in_inventory,2.3,5.5,25.6,486.0,0.418
27.12,88.3611,2017-02-15,510.0,28.23,72.86,0.5593,None,Sikkim,Gangtok / Teesta Monitored Domain,"Observational grid (3.62km buffer from nearest event, real DEM & archive rain)",0,no_recorded_landslide_in_inventory,0.0,0.0,0.2,4.2,0.0
27.12,88.4167,2014-01-20,1603.0,20.52,90.58,2.286,None,Sikkim,Gangtok / Teesta Monitored Domain,"Observational grid (1.74km buffer from nearest event, real DEM & archive rain)",0,no_recorded_landslide_in_inventory,1.0,10.1,43.3,120.3,0.099
27.12,88.4167,2014-07-15,1603.0,20.52,90.58,2.286,None,Sikkim,Gangtok / Teesta Monitored Domain,"Observational grid (1.74km buffer from nearest event, real DEM & archive rain)",0,no_recorded_landslide_in_inventory,22.2,118.8,307.8,456.7,0.187
27.12,88.4167,2015-12-10,1603.0,20.52,90.58,2.286,None,Sikkim,Gangtok / Teesta Monitored Domain,"Observational grid (1.74km buffer from nearest event, real DEM & archive rain)",0,no_recorded_landslide_in_inventory,4.1,4.2,24.8,92.5,0.976
27.12,88.4167,2016-08-05,1603.0,20.52,90.58,2.286,None,Sikkim,Gangtok / Teesta Monitored Domain,"Observational grid (1.74km buffer from nearest event, real DEM & archive rain)",0,no_recorded_landslide_in_inventory,12.1,33.8,91.1,635.3,0.358
27.12,88.4167,2017-02-15,1603.0,20.52,90.58,2.286,None,Sikkim,Gangtok / Teesta Monitored Domain,"Observational grid (1.74km buffer from nearest event, real DEM & archive rain)",0,no_recorded_landslide_in_inventory,0.0,0.0,0.2,4.2,0.0
27.12,88.4722,2014-01-20,311.0,33.74,42.35,-5.4427,None,Sikkim,Gangtok / Teesta Monitored Domain,"Observational grid (4.56km buffer from nearest event, real DEM & archive rain)",0,no_recorded_landslide_in_inventory,0.0,0.1,5.4,25.7,0.0
27.12,88.4722,2014-07-15,311.0,33.74,42.35,-5.4427,None,Sikkim,Gangtok / Teesta Monitored Domain,"Observational grid (4.56km buffer from nearest event, real DEM & archive rain)",0,no_recorded_landslide_in_inventory,19.4,43.0,90.2,164.2,0.451
27.12,88.4722,2015-12-10,311.0,33.74,42.35,-5.4427,None,Sikkim,Gangtok / Teesta Monitored Domain,"Observational grid (4.56km buffer from nearest event, real DEM & archive rain)",0,no_recorded_landslide_in_inventory,0.9,0.9,7.8,24.6,0.9
27.12,88.4722,2016-08-05,311.0,33.74,42.35,-5.4427,None,Sikkim,Gangtok / Teesta Monitored Domain,"Observational grid (4.56km buffer from nearest event, real DEM & archive rain)",0,no_recorded_landslide_in_inventory,3.5,5.6,25.3,443.9,0.625
27.12,88.4722,2017-02-15,311.0,33.74,42.35,-5.4427,None,Sikkim,Gangtok / Teesta Monitored Domain,"Observational grid (4.56km buffer from nearest event, real DEM & archive rain)",0,no_recorded_landslide_in_inventory,0.0,1.8,2.6,5.3,0.0
27.12,88.5278,2014-01-20,1016.0,12.74,180.0,1.3631,None,Sikkim,Gangtok / Teesta Monitored Domain,"Observational grid (9.75km buffer from nearest event, real DEM & archive rain)",0,no_recorded_landslide_in_inventory,0.0,0.1,5.4,25.7,0.0
27.12,88.5278,2014-07-15,1016.0,12.74,180.0,1.3631,None,Sikkim,Gangtok / Teesta Monitored Domain,"Observational grid (9.75km buffer from nearest event, real DEM & archive rain)",0,no_recorded_landslide_in_inventory,19.4,43.0,90.2,164.2,0.451
27.12,88.5278,2015-12-10,1016.0,12.74,180.0,1.3631,None,Sikkim,Gangtok / Teesta Monitored Domain,"Observational grid (9.75km buffer from nearest event, real DEM & archive rain)",0,no_recorded_landslide_in_inventory,0.9,0.9,7.8,24.6,0.9
27.12,88.5278,2016-08-05,1016.0,12.74,180.0,1.3631,None,Sikkim,Gangtok / Teesta Monitored Domain,"Observational grid (9.75km buffer from nearest event, real DEM & archive rain)",0,no_recorded_landslide_in_inventory,3.5,5.6,25.3,443.9,0.625
27.12,88.5278,2017-02-15,1016.0,12.74,180.0,1.3631,None,Sikkim,Gangtok / Teesta Monitored Domain,"Observational grid (9.75km buffer from nearest event, real DEM & archive rain)",0,no_recorded_landslide_in_inventory,0.0,1.8,2.6,5.3,0.0
27.12,88.5833,2014-01-20,1926.0,28.76,16.01,-5.0156,None,Sikkim,Gangtok / Teesta Monitored Domain,"Observational grid (9.98km buffer from nearest event, real DEM & archive rain)",0,no_recorded_landslide_in_inventory,1.0,10.1,43.3,120.3,0.099
27.12,88.5833,2014-07-15,1926.0,28.76,16.01,-5.0156,None,Sikkim,Gangtok / Teesta Monitored Domain,"Observational grid (9.98km buffer from nearest event, real DEM & archive rain)",0,no_recorded_landslide_in_inventory,22.2,118.8,307.8,456.7,0.187
27.12,88.5833,2015-12-10,1926.0,28.76,16.01,-5.0156,None,Sikkim,Gangtok / Teesta Monitored Domain,"Observational grid (9.98km buffer from nearest event, real DEM & archive rain)",0,no_recorded_landslide_in_inventory,4.1,4.2,24.8,92.5,0.976
27.12,88.5833,2016-08-05,1926.0,28.76,16.01,-5.0156,None,Sikkim,Gangtok / Teesta Monitored Domain,"Observational grid (9.98km buffer from nearest event, real DEM & archive rain)",0,no_recorded_landslide_in_inventory,12.1,33.8,91.1,635.3,0.358
27.12,88.5833,2017-02-15,1926.0,28.76,16.01,-5.0156,None,Sikkim,Gangtok / Teesta Monitored Domain,"Observational grid (9.98km buffer from nearest event, real DEM & archive rain)",0,no_recorded_landslide_in_inventory,0.0,3.6,3.8,6.9,0.0
27.12,88.6389,2014-01-20,1242.0,31.55,270.7,5.004,None,Sikkim,Gangtok / Teesta Monitored Domain,"Observational grid (7.99km buffer from nearest event, real DEM & archive rain)",0,no_recorded_landslide_in_inventory,0.0,0.0,0.1,1.7,0.0
27.12,88.6389,2014-07-15,1242.0,31.55,270.7,5.004,None,Sikkim,Gangtok / Teesta Monitored Domain,"Observational grid (7.99km buffer from nearest event, real DEM & archive rain)",0,no_recorded_landslide_in_inventory,29.1,65.9,112.2,244.9,0.442
27.12,88.6389,2015-12-10,1242.0,31.55,270.7,5.004,None,Sikkim,Gangtok / Teesta Monitored Domain,"Observational grid (7.99km buffer from nearest event, real DEM & archive rain)",0,no_recorded_landslide_in_inventory,0.0,0.0,2.0,4.3,0.0
27.12,88.6389,2016-08-05,1242.0,31.55,270.7,5.004,None,Sikkim,Gangtok / Teesta Monitored Domain,"Observational grid (7.99km buffer from nearest event, real DEM & archive rain)",0,no_recorded_landslide_in_inventory,32.4,66.7,152.9,553.6,0.486
27.12,88.6389,2017-02-15,1242.0,31.55,270.7,5.004,None,Sikkim,Gangtok / Teesta Monitored Domain,"Observational grid (7.99km buffer from nearest event, real DEM & archive rain)",0,no_recorded_landslide_in_inventory,0.0,3.6,3.8,6.9,0.0
27.12,88.6944,2014-01-20,1776.0,41.24,218.93,-1.8902,None,Sikkim,Gangtok / Teesta Monitored Domain,"Observational grid (8.86km buffer from nearest event, real DEM & archive rain)",0,no_recorded_landslide_in_inventory,0.0,0.0,0.1,1.7,0.0
27.12,88.6944,2014-07-15,1776.0,41.24,218.93,-1.8902,None,Sikkim,Gangtok / Teesta Monitored Domain,"Observational grid (8.86km buffer from nearest event, real DEM & archive rain)",0,no_recorded_landslide_in_inventory,29.1,65.9,112.2,244.9,0.442
27.12,88.6944,2015-12-10,1776.0,41.24,218.93,-1.8902,None,Sikkim,Gangtok / Teesta Monitored Domain,"Observational grid (8.86km buffer from nearest event, real DEM & archive rain)",0,no_recorded_landslide_in_inventory,0.0,0.0,2.0,4.3,0.0
27.12,88.6944,2016-08-05,1776.0,41.24,218.93,-1.8902,None,Sikkim,Gangtok / Teesta Monitored Domain,"Observational grid (8.86km buffer from nearest event, real DEM & archive rain)",0,no_recorded_landslide_in_inventory,32.4,66.7,152.9,553.6,0.486
27.12,88.6944,2017-02-15,1776.0,41.24,218.93,-1.8902,None,Sikkim,Gangtok / Teesta Monitored Domain,"Observational grid (8.86km buffer from nearest event, real DEM & archive rain)",0,no_recorded_landslide_in_inventory,0.6,6.7,10.4,19.8,0.09
27.12,88.75,2014-01-20,2868.0,27.34,38.77,-0.5073,None,Sikkim,Gangtok / Teesta Monitored Domain,"Observational grid (8.94km buffer from nearest event, real DEM & archive rain)",0,no_recorded_landslide_in_inventory,0.1,4.4,12.5,31.8,0.023
27.12,88.75,2014-07-15,2868.0,27.34,38.77,-0.5073,None,Sikkim,Gangtok / Teesta Monitored Domain,"Observational grid (8.94km buffer from nearest event, real DEM & archive rain)",0,no_recorded_landslide_in_inventory,31.3,104.3,218.6,401.5,0.3
27.12,88.75,2015-12-10,2868.0,27.34,38.77,-0.5073,None,Sikkim,Gangtok / Teesta Monitored Domain,"Observational grid (8.94km buffer from nearest event, real DEM & archive rain)",0,no_recorded_landslide_in_inventory,0.8,0.8,7.0,25.5,0.8
27.12,88.75,2016-08-05,2868.0,27.34,38.77,-0.5073,None,Sikkim,Gangtok / Teesta Monitored Domain,"Observational grid (8.94km buffer from nearest event, real DEM & archive rain)",0,no_recorded_landslide_in_inventory,35.6,82.2,197.6,613.3,0.433
27.12,88.75,2017-02-15,2868.0,27.34,38.77,-0.5073,None,Sikkim,Gangtok / Teesta Monitored Domain,"Observational grid (8.94km buffer from nearest event, real DEM & archive rain)",0,no_recorded_landslide_in_inventory,0.0,2.3,4.4,13.5,0.0
27.1578,88.25,2014-01-20,1007.0,16.85,270.0,-2.0387,None,Sikkim,Gangtok / Teesta Monitored Domain,"Observational grid (6.43km buffer from nearest event, real DEM & archive rain)",0,no_recorded_landslide_in_inventory,0.0,0.5,1.4,2.9,0.0
27.1578,88.25,2014-07-15,1007.0,16.85,270.0,-2.0387,None,Sikkim,Gangtok / Teesta Monitored Domain,"Observational grid (6.43km buffer from nearest event, real DEM & archive rain)",0,no_recorded_landslide_in_inventory,39.3,53.3,75.3,180.6,0.737
27.1578,88.25,2015-12-10,1007.0,16.85,270.0,-2.0387,None,Sikkim,Gangtok / Teesta Monitored Domain,"Observational grid (6.43km buffer from nearest event, real DEM & archive rain)",0,no_recorded_landslide_in_inventory,0.0,0.0,0.3,18.3,0.0
27.1578,88.25,2016-08-05,1007.0,16.85,270.0,-2.0387,None,Sikkim,Gangtok / Teesta Monitored Domain,"Observational grid (6.43km buffer from nearest event, real DEM & archive rain)",0,no_recorded_landslide_in_inventory,2.3,5.5,25.6,486.0,0.418
27.1578,88.25,2017-02-15,1007.0,16.85,270.0,-2.0387,None,Sikkim,Gangtok / Teesta Monitored Domain,"Observational grid (6.43km buffer from nearest event, real DEM & archive rain)",0,no_recorded_landslide_in_inventory,0.0,0.0,5.2,19.0,0.0
27.1578,88.3056,2014-01-20,786.0,13.26,270.0,1.5856,None,Sikkim,Gangtok / Teesta Monitored Domain,"Observational grid (3.79km buffer from nearest event, real DEM & archive rain)",0,no_recorded_landslide_in_inventory,0.0,0.1,5.4,25.7,0.0
27.1578,88.3056,2014-07-15,786.0,13.26,270.0,1.5856,None,Sikkim,Gangtok / Teesta Monitored Domain,"Observational grid (3.79km buffer from nearest event, real DEM & archive rain)",0,no_recorded_landslide_in_inventory,19.4,43.0,90.2,164.2,0.451
27.1578,88.3056,2015-12-10,786.0,13.26,270.0,1.5856,None,Sikkim,Gangtok / Teesta Monitored Domain,"Observational grid (3.79km buffer from nearest event, real DEM & archive rain)",0,no_recorded_landslide_in_inventory,0.9,0.9,7.8,24.6,0.9
27.1578,88.3056,2016-08-05,786.0,13.26,270.0,1.5856,None,Sikkim,Gangtok / Teesta Monitored Domain,"Observational grid (3.79km buffer from nearest event, real DEM & archive rain)",0,no_recorded_landslide_in_inventory,3.5,5.6,25.3,443.9,0.625
27.1578,88.3056,2017-02-15,786.0,13.26,270.0,1.5856,None,Sikkim,Gangtok / Teesta Monitored Domain,"Observational grid (3.79km buffer from nearest event, real DEM & archive rain)",0,no_recorded_landslide_in_inventory,0.0,0.0,5.2,19.0,0.0
27.1578,88.3611,2014-01-20,1271.0,35.89,90.0,4.8701,None,Sikkim,Gangtok / Teesta Monitored Domain,"Observational grid (5.51km buffer from nearest event, real DEM & archive rain)",0,no_recorded_landslide_in_inventory,0.0,0.5,1.4,2.9,0.0
27.1578,88.3611,2014-07-15,1271.0,35.89,90.0,4.8701,None,Sikkim,Gangtok / Teesta Monitored Domain,"Observational grid (5.51km buffer from nearest event, real DEM & archive rain)",0,no_recorded_landslide_in_inventory,39.3,53.3,75.3,180.6,0.737
27.1578,88.3611,2015-12-10,1271.0,35.89,90.0,4.8701,None,Sikkim,Gangtok / Teesta Monitored Domain,"Observational grid (5.51km buffer from nearest event, real DEM & archive rain)",0,no_recorded_landslide_in_inventory,0.0,0.0,0.3,18.3,0.0
27.1578,88.3611,2016-08-05,1271.0,35.89,90.0,4.8701,None,Sikkim,Gangtok / Teesta Monitored Domain,"Observational grid (5.51km buffer from nearest event, real DEM & archive rain)",0,no_recorded_landslide_in_inventory,2.3,5.5,25.6,486.0,0.418
27.1578,88.3611,2017-02-15,1271.0,35.89,90.0,4.8701,None,Sikkim,Gangtok / Teesta Monitored Domain,"Observational grid (5.51km buffer from nearest event, real DEM & archive rain)",0,no_recorded_landslide_in_inventory,0.9,1.6,6.5,14.7,0.562
27.1578,88.4167,2014-01-20,1450.0,0.0,0.0,0.0,None,Sikkim,Gangtok / Teesta Monitored Domain,"Observational grid (2.5km buffer from nearest event, real DEM & archive rain)",0,no_recorded_landslide_in_inventory,1.0,10.1,43.3,120.3,0.099
27.1578,88.4167,2014-07-15,1450.0,0.0,0.0,0.0,None,Sikkim,Gangtok / Teesta Monitored Domain,"Observational grid (2.5km buffer from nearest event, real DEM & archive rain)",0,no_recorded_landslide_in_inventory,22.2,118.8,307.8,456.7,0.187
27.1578,88.4167,2015-12-10,1450.0,0.0,0.0,0.0,None,Sikkim,Gangtok / Teesta Monitored Domain,"Observational grid (2.5km buffer from nearest event, real DEM & archive rain)",0,no_recorded_landslide_in_inventory,4.1,4.2,24.8,92.5,0.976
27.1578,88.4167,2016-08-05,1450.0,0.0,0.0,0.0,None,Sikkim,Gangtok / Teesta Monitored Domain,"Observational grid (2.5km buffer from nearest event, real DEM & archive rain)",0,no_recorded_landslide_in_inventory,12.1,33.8,91.1,635.3,0.358
27.1578,88.4167,2017-02-15,1450.0,0.0,0.0,0.0,None,Sikkim,Gangtok / Teesta Monitored Domain,"Observational grid (2.5km buffer from nearest event, real DEM & archive rain)",0,no_recorded_landslide_in_inventory,0.0,0.1,1.3,5.0,0.0
27.1578,88.4722,2014-01-20,1229.0,9.55,270.0,1.1326,None,Sikkim,Gangtok / Teesta Monitored Domain,"Observational grid (4.47km buffer from nearest event, real DEM & archive rain)",0,no_recorded_landslide_in_inventory,1.0,10.1,43.3,120.3,0.099
27.1578,88.4722,2014-07-15,1229.0,9.55,270.0,1.1326,None,Sikkim,Gangtok / Teesta Monitored Domain,"Observational grid (4.47km buffer from nearest event, real DEM & archive rain)",0,no_recorded_landslide_in_inventory,22.2,118.8,307.8,456.7,0.187
27.1578,88.4722,2015-12-10,1229.0,9.55,270.0,1.1326,None,Sikkim,Gangtok / Teesta Monitored Domain,"Observational grid (4.47km buffer from nearest event, real DEM & archive rain)",0,no_recorded_landslide_in_inventory,4.1,4.2,24.8,92.5,0.976
27.1578,88.4722,2016-08-05,1229.0,9.55,270.0,1.1326,None,Sikkim,Gangtok / Teesta Monitored Domain,"Observational grid (4.47km buffer from nearest event, real DEM & archive rain)",0,no_recorded_landslide_in_inventory,12.1,33.8,91.1,635.3,0.358
27.1578,88.4722,2017-02-15,1229.0,9.55,270.0,1.1326,None,Sikkim,Gangtok / Teesta Monitored Domain,"Observational grid (4.47km buffer from nearest event, real DEM & archive rain)",0,no_recorded_landslide_in_inventory,0.0,0.1,4.1,9.0,0.0
27.1578,88.5278,2014-01-20,279.0,0.0,0.0,0.0,None,Sikkim,Gangtok / Teesta Monitored Domain,"Observational grid (9.71km buffer from nearest event, real DEM & archive rain)",0,no_recorded_landslide_in_inventory,0.0,0.1,5.4,25.7,0.0
27.1578,88.5278,2014-07-15,279.0,0.0,0.0,0.0,None,Sikkim,Gangtok / Teesta Monitored Domain,"Observational grid (9.71km buffer from nearest event, real DEM & archive rain)",0,no_recorded_landslide_in_inventory,19.4,43.0,90.2,164.2,0.451
27.1578,88.5278,2015-12-10,279.0,0.0,0.0,0.0,None,Sikkim,Gangtok / Teesta Monitored Domain,"Observational grid (9.71km buffer from nearest event, real DEM & archive rain)",0,no_recorded_landslide_in_inventory,0.9,0.9,7.8,24.6,0.9
27.1578,88.5278,2016-08-05,279.0,0.0,0.0,0.0,None,Sikkim,Gangtok / Teesta Monitored Domain,"Observational grid (9.71km buffer from nearest event, real DEM & archive rain)",0,no_recorded_landslide_in_inventory,3.5,5.6,25.3,443.9,0.625
27.1578,88.5278,2017-02-15,279.0,0.0,0.0,0.0,None,Sikkim,Gangtok / Teesta Monitored Domain,"Observational grid (9.71km buffer from nearest event, real DEM & archive rain)",0,no_recorded_landslide_in_inventory,0.0,0.1,4.1,9.0,0.0
27.1578,88.5833,2014-01-20,1063.0,14.17,270.0,1.6989,None,Sikkim,Gangtok / Teesta Monitored Domain,"Observational grid (7.09km buffer from nearest event, real DEM & archive rain)",0,no_recorded_landslide_in_inventory,1.0,10.1,43.3,120.3,0.099
27.1578,88.5833,2014-07-15,1063.0,14.17,270.0,1.6989,None,Sikkim,Gangtok / Teesta Monitored Domain,"Observational grid (7.09km buffer from nearest event, real DEM & archive rain)",0,no_recorded_landslide_in_inventory,22.2,118.8,307.8,456.7,0.187
27.1578,88.5833,2015-12-10,1063.0,14.17,270.0,1.6989,None,Sikkim,Gangtok / Teesta Monitored Domain,"Observational grid (7.09km buffer from nearest event, real DEM & archive rain)",0,no_recorded_landslide_in_inventory,4.1,4.2,24.8,92.5,0.976
27.1578,88.5833,2016-08-05,1063.0,14.17,270.0,1.6989,None,Sikkim,Gangtok / Teesta Monitored Domain,"Observational grid (7.09km buffer from nearest event, real DEM & archive rain)",0,no_recorded_landslide_in_inventory,12.1,33.8,91.1,635.3,0.358
27.1578,88.5833,2017-02-15,1063.0,14.17,270.0,1.6989,None,Sikkim,Gangtok / Teesta Monitored Domain,"Observational grid (7.09km buffer from nearest event, real DEM & archive rain)",0,no_recorded_landslide_in_inventory,0.9,1.3,5.2,7.0,0.692
27.1578,88.6389,2014-01-20,724.0,20.31,270.0,2.4917,None,Sikkim,Gangtok / Teesta Monitored Domain,"Observational grid (3.81km buffer from nearest event, real DEM & archive rain)",0,no_recorded_landslide_in_inventory,0.0,0.1,5.4,25.7,0.0
27.1578,88.6389,2014-07-15,724.0,20.31,270.0,2.4917,None,Sikkim,Gangtok / Teesta Monitored Domain,"Observational grid (3.81km buffer from nearest event, real DEM & archive rain)",0,no_recorded_landslide_in_inventory,19.4,43.0,90.2,164.2,0.451
27.1578,88.6389,2015-12-10,724.0,20.31,270.0,2.4917,None,Sikkim,Gangtok / Teesta Monitored Domain,"Observational grid (3.81km buffer from nearest event, real DEM & archive rain)",0,no_recorded_landslide_in_inventory,0.9,0.9,7.8,24.6,0.9
27.1578,88.6389,2016-08-05,724.0,20.31,270.0,2.4917,None,Sikkim,Gangtok / Teesta Monitored Domain,"Observational grid (3.81km buffer from nearest event, real DEM & archive rain)",0,no_recorded_landslide_in_inventory,3.5,5.6,25.3,443.9,0.625
27.1578,88.6389,2017-02-15,724.0,20.31,270.0,2.4917,None,Sikkim,Gangtok / Teesta Monitored Domain,"Observational grid (3.81km buffer from nearest event, real DEM & archive rain)",0,no_recorded_landslide_in_inventory,0.9,1.3,5.2,7.0,0.692
27.1578,88.6944,2014-01-20,1624.0,45.27,270.0,-6.7955,None,Sikkim,Gangtok / Teesta Monitored Domain,"Observational grid (5.01km buffer from nearest event, real DEM & archive rain)",0,no_recorded_landslide_in_inventory,0.1,4.4,12.5,31.8,0.023
27.1578,88.6944,2014-07-15,1624.0,45.27,270.0,-6.7955,None,Sikkim,Gangtok / Teesta Monitored Domain,"Observational grid (5.01km buffer from nearest event, real DEM & archive rain)",0,no_recorded_landslide_in_inventory,31.3,104.3,218.6,401.5,0.3
27.1578,88.6944,2015-12-10,1624.0,45.27,270.0,-6.7955,None,Sikkim,Gangtok / Teesta Monitored Domain,"Observational grid (5.01km buffer from nearest event, real DEM & archive rain)",0,no_recorded_landslide_in_inventory,0.8,0.8,7.0,25.5,0.8
27.1578,88.6944,2016-08-05,1624.0,45.27,270.0,-6.7955,None,Sikkim,Gangtok / Teesta Monitored Domain,"Observational grid (5.01km buffer from nearest event, real DEM & archive rain)",0,no_recorded_landslide_in_inventory,35.6,82.2,197.6,613.3,0.433
27.1578,88.6944,2017-02-15,1624.0,45.27,270.0,-6.7955,None,Sikkim,Gangtok / Teesta Monitored Domain,"Observational grid (5.01km buffer from nearest event, real DEM & archive rain)",0,no_recorded_landslide_in_inventory,0.0,1.8,2.9,8.5,0.0
27.1578,88.75,2014-01-20,2459.0,15.07,270.0,-1.8121,None,Sikkim,Gangtok / Teesta Monitored Domain,"Observational grid (5.14km buffer from nearest event, real DEM & archive rain)",0,no_recorded_landslide_in_inventory,0.1,4.4,12.5,31.8,0.023
27.1578,88.75,2014-07-15,2459.0,15.07,270.0,-1.8121,None,Sikkim,Gangtok / Teesta Monitored Domain,"Observational grid (5.14km buffer from nearest event, real DEM & archive rain)",0,no_recorded_landslide_in_inventory,31.3,104.3,218.6,401.5,0.3
27.1578,88.75,2015-12-10,2459.0,15.07,270.0,-1.8121,None,Sikkim,Gangtok / Teesta Monitored Domain,"Observational grid (5.14km buffer from nearest event, real DEM & archive rain)",0,no_recorded_landslide_in_inventory,0.8,0.8,7.0,25.5,0.8
27.1578,88.75,2016-08-05,2459.0,15.07,270.0,-1.8121,None,Sikkim,Gangtok / Teesta Monitored Domain,"Observational grid (5.14km buffer from nearest event, real DEM & archive rain)",0,no_recorded_landslide_in_inventory,35.6,82.2,197.6,613.3,0.433
27.1578,88.75,2017-02-15,2459.0,15.07,270.0,-1.8121,None,Sikkim,Gangtok / Teesta Monitored Domain,"Observational grid (5.14km buffer from nearest event, real DEM & archive rain)",0,no_recorded_landslide_in_inventory,0.4,2.3,2.5,6.3,0.174
27.1956,88.25,2014-01-20,1625.0,35.83,97.8,4.5324,None,Sikkim,Gangtok / Teesta Monitored Domain,"Observational grid (5.22km buffer from nearest event, real DEM & archive rain)",0,no_recorded_landslide_in_inventory,0.5,4.3,13.2,31.3,0.116
27.1956,88.25,2014-07-15,1625.0,35.83,97.8,4.5324,None,Sikkim,Gangtok / Teesta Monitored Domain,"Observational grid (5.22km buffer from nearest event, real DEM & archive rain)",0,no_recorded_landslide_in_inventory,37.6,89.8,190.6,317.7,0.419
27.1956,88.25,2015-12-10,1625.0,35.83,97.8,4.5324,None,Sikkim,Gangtok / Teesta Monitored Domain,"Observational grid (5.22km buffer from nearest event, real DEM & archive rain)",0,no_recorded_landslide_in_inventory,3.1,3.1,12.5,53.3,1.0
27.1956,88.25,2016-08-05,1625.0,35.83,97.8,4.5324,None,Sikkim,Gangtok / Teesta Monitored Domain,"Observational grid (5.22km buffer from nearest event, real DEM & archive rain)",0,no_recorded_landslide_in_inventory,8.3,17.8,57.8,592.5,0.466
27.1956,88.25,2017-02-15,1625.0,35.83,97.8,4.5324,None,Sikkim,Gangtok / Teesta Monitored Domain,"Observational grid (5.22km buffer from nearest event, real DEM & archive rain)",0,no_recorded_landslide_in_inventory,0.0,13.1,65.7,159.2,0.0
27.1956,88.4167,2014-01-20,1616.0,29.03,59.83,4.1965,None,Sikkim,Gangtok / Teesta Monitored Domain,"Observational grid (5.63km buffer from nearest event, real DEM & archive rain)",0,no_recorded_landslide_in_inventory,1.0,10.1,43.3,120.3,0.099
27.1956,88.4167,2014-07-15,1616.0,29.03,59.83,4.1965,None,Sikkim,Gangtok / Teesta Monitored Domain,"Observational grid (5.63km buffer from nearest event, real DEM & archive rain)",0,no_recorded_landslide_in_inventory,22.2,118.8,307.8,456.7,0.187
27.1956,88.4167,2015-12-10,1616.0,29.03,59.83,4.1965,None,Sikkim,Gangtok / Teesta Monitored Domain,"Observational grid (5.63km buffer from nearest event, real DEM & archive rain)",0,no_recorded_landslide_in_inventory,4.1,4.2,24.8,92.5,0.976
27.1956,88.4167,2016-08-05,1616.0,29.03,59.83,4.1965,None,Sikkim,Gangtok / Teesta Monitored Domain,"Observational grid (5.63km buffer from nearest event, real DEM & archive rain)",0,no_recorded_landslide_in_inventory,12.1,33.8,91.1,635.3,0.358
27.1956,88.4167,2017-02-15,1616.0,29.03,59.83,4.1965,None,Sikkim,Gangtok / Teesta Monitored Domain,"Observational grid (5.63km buffer from nearest event, real DEM & archive rain)",0,no_recorded_landslide_in_inventory,0.9,1.6,6.5,14.7,0.562
27.1956,88.4722,2014-01-20,646.0,26.45,158.67,-3.6554,None,Sikkim,Gangtok / Teesta Monitored Domain,"Observational grid (7.39km buffer from nearest event, real DEM & archive rain)",0,no_recorded_landslide_in_inventory,0.0,0.1,5.4,25.7,0.0
27.1956,88.4722,2014-07-15,646.0,26.45,158.67,-3.6554,None,Sikkim,Gangtok / Teesta Monitored Domain,"Observational grid (7.39km buffer from nearest event, real DEM & archive rain)",0,no_recorded_landslide_in_inventory,19.4,43.0,90.2,164.2,0.451
27.1956,88.4722,2015-12-10,646.0,26.45,158.67,-3.6554,None,Sikkim,Gangtok / Teesta Monitored Domain,"Observational grid (7.39km buffer from nearest event, real DEM & archive rain)",0,no_recorded_landslide_in_inventory,0.9,0.9,7.8,24.6,0.9
27.1956,88.4722,2016-08-05,646.0,26.45,158.67,-3.6554,None,Sikkim,Gangtok / Teesta Monitored Domain,"Observational grid (7.39km buffer from nearest event, real DEM & archive rain)",0,no_recorded_landslide_in_inventory,3.5,5.6,25.3,443.9,0.625
27.1956,88.4722,2017-02-15,646.0,26.45,158.67,-3.6554,None,Sikkim,Gangtok / Teesta Monitored Domain,"Observational grid (7.39km buffer from nearest event, real DEM & archive rain)",0,no_recorded_landslide_in_inventory,0.0,0.1,4.1,9.0,0.0
27.1956,88.5278,2014-01-20,661.0,32.34,0.0,3.8168,None,Sikkim,Gangtok / Teesta Monitored Domain,"Observational grid (8.44km buffer from nearest event, real DEM & archive rain)",0,no_recorded_landslide_in_inventory,0.0,0.1,5.4,25.7,0.0
27.1956,88.5278,2014-07-15,661.0,32.34,0.0,3.8168,None,Sikkim,Gangtok / Teesta Monitored Domain,"Observational grid (8.44km buffer from nearest event, real DEM & archive rain)",0,no_recorded_landslide_in_inventory,19.4,43.0,90.2,164.2,0.451
27.1956,88.5278,2015-12-10,661.0,32.34,0.0,3.8168,None,Sikkim,Gangtok / Teesta Monitored Domain,"Observational grid (8.44km buffer from nearest event, real DEM & archive rain)",0,no_recorded_landslide_in_inventory,0.9,0.9,7.8,24.6,0.9
27.1956,88.5278,2016-08-05,661.0,32.34,0.0,3.8168,None,Sikkim,Gangtok / Teesta Monitored Domain,"Observational grid (8.44km buffer from nearest event, real DEM & archive rain)",0,no_recorded_landslide_in_inventory,3.5,5.6,25.3,443.9,0.625
27.1956,88.5278,2017-02-15,661.0,32.34,0.0,3.8168,None,Sikkim,Gangtok / Teesta Monitored Domain,"Observational grid (8.44km buffer from nearest event, real DEM & archive rain)",0,no_recorded_landslide_in_inventory,0.0,0.1,4.1,9.0,0.0
27.1956,88.5833,2014-01-20,840.0,30.19,4.15,2.9091,None,Sikkim,Gangtok / Teesta Monitored Domain,"Observational grid (6.01km buffer from nearest event, real DEM & archive rain)",0,no_recorded_landslide_in_inventory,1.0,10.1,43.3,120.3,0.099
27.1956,88.5833,2014-07-15,840.0,30.19,4.15,2.9091,None,Sikkim,Gangtok / Teesta Monitored Domain,"Observational grid (6.01km buffer from nearest event, real DEM & archive rain)",0,no_recorded_landslide_in_inventory,22.2,118.8,307.8,456.7,0.187
27.1956,88.5833,2015-12-10,840.0,30.19,4.15,2.9091,None,Sikkim,Gangtok / Teesta Monitored Domain,"Observational grid (6.01km buffer from nearest event, real DEM & archive rain)",0,no_recorded_landslide_in_inventory,4.1,4.2,24.8,92.5,0.976
27.1956,88.5833,2016-08-05,840.0,30.19,4.15,2.9091,None,Sikkim,Gangtok / Teesta Monitored Domain,"Observational grid (6.01km buffer from nearest event, real DEM & archive rain)",0,no_recorded_landslide_in_inventory,12.1,33.8,91.1,635.3,0.358
27.1956,88.5833,2017-02-15,840.0,30.19,4.15,2.9091,None,Sikkim,Gangtok / Teesta Monitored Domain,"Observational grid (6.01km buffer from nearest event, real DEM & archive rain)",0,no_recorded_landslide_in_inventory,0.9,1.3,5.2,7.0,0.692
27.1956,88.6944,2014-01-20,1078.0,37.71,191.62,-5.5638,None,Sikkim,Gangtok / Teesta Monitored Domain,"Observational grid (2.63km buffer from nearest event, real DEM & archive rain)",0,no_recorded_landslide_in_inventory,0.0,0.0,0.1,1.7,0.0
27.1956,88.6944,2014-07-15,1078.0,37.71,191.62,-5.5638,None,Sikkim,Gangtok / Teesta Monitored Domain,"Observational grid (2.63km buffer from nearest event, real DEM & archive rain)",0,no_recorded_landslide_in_inventory,29.1,65.9,112.2,244.9,0.442
27.1956,88.6944,2015-12-10,1078.0,37.71,191.62,-5.5638,None,Sikkim,Gangtok / Teesta Monitored Domain,"Observational grid (2.63km buffer from nearest event, real DEM & archive rain)",0,no_recorded_landslide_in_inventory,0.0,0.0,2.0,4.3,0.0
27.1956,88.6944,2016-08-05,1078.0,37.71,191.62,-5.5638,None,Sikkim,Gangtok / Teesta Monitored Domain,"Observational grid (2.63km buffer from nearest event, real DEM & archive rain)",0,no_recorded_landslide_in_inventory,32.4,66.7,152.9,553.6,0.486
27.1956,88.6944,2017-02-15,1078.0,37.71,191.62,-5.5638,None,Sikkim,Gangtok / Teesta Monitored Domain,"Observational grid (2.63km buffer from nearest event, real DEM & archive rain)",0,no_recorded_landslide_in_inventory,0.7,0.9,2.0,12.0,0.7
27.1956,88.75,2014-01-20,2277.0,31.47,297.5,-2.1043,None,Sikkim,Gangtok / Teesta Monitored Domain,"Observational grid (2.87km buffer from nearest event, real DEM & archive rain)",0,no_recorded_landslide_in_inventory,0.1,4.4,12.5,31.8,0.023
27.1956,88.75,2014-07-15,2277.0,31.47,297.5,-2.1043,None,Sikkim,Gangtok / Teesta Monitored Domain,"Observational grid (2.87km buffer from nearest event, real DEM & archive rain)",0,no_recorded_landslide_in_inventory,31.3,104.3,218.6,401.5,0.3
27.1956,88.75,2015-12-10,2277.0,31.47,297.5,-2.1043,None,Sikkim,Gangtok / Teesta Monitored Domain,"Observational grid (2.87km buffer from nearest event, real DEM & archive rain)",0,no_recorded_landslide_in_inventory,0.8,0.8,7.0,25.5,0.8
27.1956,88.75,2016-08-05,2277.0,31.47,297.5,-2.1043,None,Sikkim,Gangtok / Teesta Monitored Domain,"Observational grid (2.87km buffer from nearest event, real DEM & archive rain)",0,no_recorded_landslide_in_inventory,35.6,82.2,197.6,613.3,0.433
27.1956,88.75,2017-02-15,2277.0,31.47,297.5,-2.1043,None,Sikkim,Gangtok / Teesta Monitored Domain,"Observational grid (2.87km buffer from nearest event, real DEM & archive rain)",0,no_recorded_landslide_in_inventory,0.4,2.3,2.5,6.3,0.174
27.2333,88.25,2014-01-20,1523.0,47.89,118.93,3.3972,None,Sikkim,Gangtok / Teesta Monitored Domain,"Observational grid (6.96km buffer from nearest event, real DEM & archive rain)",0,no_recorded_landslide_in_inventory,0.5,4.3,13.2,31.3,0.116
27.2333,88.25,2014-07-15,1523.0,47.89,118.93,3.3972,None,Sikkim,Gangtok / Teesta Monitored Domain,"Observational grid (6.96km buffer from nearest event, real DEM & archive rain)",0,no_recorded_landslide_in_inventory,37.6,89.8,190.6,317.7,0.419
27.2333,88.25,2015-12-10,1523.0,47.89,118.93,3.3972,None,Sikkim,Gangtok / Teesta Monitored Domain,"Observational grid (6.96km buffer from nearest event, real DEM & archive rain)",0,no_recorded_landslide_in_inventory,3.1,3.1,12.5,53.3,1.0
27.2333,88.25,2016-08-05,1523.0,47.89,118.93,3.3972,None,Sikkim,Gangtok / Teesta Monitored Domain,"Observational grid (6.96km buffer from nearest event, real DEM & archive rain)",0,no_recorded_landslide_in_inventory,8.3,17.8,57.8,592.5,0.466
27.2333,88.25,2017-02-15,1523.0,47.89,118.93,3.3972,None,Sikkim,Gangtok / Teesta Monitored Domain,"Observational grid (6.96km buffer from nearest event, real DEM & archive rain)",0,no_recorded_landslide_in_inventory,0.7,6.0,56.0,142.0,0.117
27.2333,88.3056,2014-01-20,765.0,43.14,265.85,5.3747,None,Sikkim,Gangtok / Teesta Monitored Domain,"Observational grid (4.63km buffer from nearest event, real DEM & archive rain)",0,no_recorded_landslide_in_inventory,0.0,0.1,5.4,25.7,0.0
27.2333,88.3056,2014-07-15,765.0,43.14,265.85,5.3747,None,Sikkim,Gangtok / Teesta Monitored Domain,"Observational grid (4.63km buffer from nearest event, real DEM & archive rain)",0,no_recorded_landslide_in_inventory,19.4,43.0,90.2,164.2,0.451
27.2333,88.3056,2015-12-10,765.0,43.14,265.85,5.3747,None,Sikkim,Gangtok / Teesta Monitored Domain,"Observational grid (4.63km buffer from nearest event, real DEM & archive rain)",0,no_recorded_landslide_in_inventory,0.9,0.9,7.8,24.6,0.9
27.2333,88.3056,2016-08-05,765.0,43.14,265.85,5.3747,None,Sikkim,Gangtok / Teesta Monitored Domain,"Observational grid (4.63km buffer from nearest event, real DEM & archive rain)",0,no_recorded_landslide_in_inventory,3.5,5.6,25.3,443.9,0.625
27.2333,88.3056,2017-02-15,765.0,43.14,265.85,5.3747,None,Sikkim,Gangtok / Teesta Monitored Domain,"Observational grid (4.63km buffer from nearest event, real DEM & archive rain)",0,no_recorded_landslide_in_inventory,0.0,0.2,10.8,36.1,0.0
27.2333,88.3611,2014-01-20,2078.0,50.49,23.53,10.4224,None,Sikkim,Gangtok / Teesta Monitored Domain,"Observational grid (2.88km buffer from nearest event, real DEM & archive rain)",0,no_recorded_landslide_in_inventory,0.5,4.3,13.2,31.3,0.116
27.2333,88.3611,2014-07-15,2078.0,50.49,23.53,10.4224,None,Sikkim,Gangtok / Teesta Monitored Domain,"Observational grid (2.88km buffer from nearest event, real DEM & archive rain)",0,no_recorded_landslide_in_inventory,37.6,89.8,190.6,317.7,0.419
27.2333,88.3611,2015-12-10,2078.0,50.49,23.53,10.4224,None,Sikkim,Gangtok / Teesta Monitored Domain,"Observational grid (2.88km buffer from nearest event, real DEM & archive rain)",0,no_recorded_landslide_in_inventory,3.1,3.1,12.5,53.3,1.0
27.2333,88.3611,2016-08-05,2078.0,50.49,23.53,10.4224,None,Sikkim,Gangtok / Teesta Monitored Domain,"Observational grid (2.88km buffer from nearest event, real DEM & archive rain)",0,no_recorded_landslide_in_inventory,8.3,17.8,57.8,592.5,0.466
27.2333,88.3611,2017-02-15,2078.0,50.49,23.53,10.4224,None,Sikkim,Gangtok / Teesta Monitored Domain,"Observational grid (2.88km buffer from nearest event, real DEM & archive rain)",0,no_recorded_landslide_in_inventory,0.0,2.3,6.8,18.0,0.0
27.2333,88.4167,2014-01-20,1760.0,27.23,117.94,1.8124,None,Sikkim,Gangtok / Teesta Monitored Domain,"Observational grid (5.38km buffer from nearest event, real DEM & archive rain)",0,no_recorded_landslide_in_inventory,1.0,10.1,43.3,120.3,0.099
27.2333,88.4167,2014-07-15,1760.0,27.23,117.94,1.8124,None,Sikkim,Gangtok / Teesta Monitored Domain,"Observational grid (5.38km buffer from nearest event, real DEM & archive rain)",0,no_recorded_landslide_in_inventory,22.2,118.8,307.8,456.7,0.187
27.2333,88.4167,2015-12-10,1760.0,27.23,117.94,1.8124,None,Sikkim,Gangtok / Teesta Monitored Domain,"Observational grid (5.38km buffer from nearest event, real DEM & archive rain)",0,no_recorded_landslide_in_inventory,4.1,4.2,24.8,92.5,0.976
27.2333,88.4167,2016-08-05,1760.0,27.23,117.94,1.8124,None,Sikkim,Gangtok / Teesta Monitored Domain,"Observational grid (5.38km buffer from nearest event, real DEM & archive rain)",0,no_recorded_landslide_in_inventory,12.1,33.8,91.1,635.3,0.358
27.2333,88.4167,2017-02-15,1760.0,27.23,117.94,1.8124,None,Sikkim,Gangtok / Teesta Monitored Domain,"Observational grid (5.38km buffer from nearest event, real DEM & archive rain)",0,no_recorded_landslide_in_inventory,0.0,2.3,6.8,18.0,0.0
27.2333,88.4722,2014-01-20,931.0,26.61,161.38,-4.2465,None,Sikkim,Gangtok / Teesta Monitored Domain,"Observational grid (9.19km buffer from nearest event, real DEM & archive rain)",0,no_recorded_landslide_in_inventory,1.0,10.1,43.3,120.3,0.099
27.2333,88.4722,2014-07-15,931.0,26.61,161.38,-4.2465,None,Sikkim,Gangtok / Teesta Monitored Domain,"Observational grid (9.19km buffer from nearest event, real DEM & archive rain)",0,no_recorded_landslide_in_inventory,22.2,118.8,307.8,456.7,0.187
27.2333,88.4722,2015-12-10,931.0,26.61,161.38,-4.2465,None,Sikkim,Gangtok / Teesta Monitored Domain,"Observational grid (9.19km buffer from nearest event, real DEM & archive rain)",0,no_recorded_landslide_in_inventory,4.1,4.2,24.8,92.5,0.976
27.2333,88.4722,2016-08-05,931.0,26.61,161.38,-4.2465,None,Sikkim,Gangtok / Teesta Monitored Domain,"Observational grid (9.19km buffer from nearest event, real DEM & archive rain)",0,no_recorded_landslide_in_inventory,12.1,33.8,91.1,635.3,0.358
27.2333,88.4722,2017-02-15,931.0,26.61,161.38,-4.2465,None,Sikkim,Gangtok / Teesta Monitored Domain,"Observational grid (9.19km buffer from nearest event, real DEM & archive rain)",0,no_recorded_landslide_in_inventory,0.0,3.0,28.9,60.4,0.0
27.2333,88.5278,2014-01-20,964.0,43.52,180.0,-5.7252,None,Sikkim,Gangtok / Teesta Monitored Domain,"Observational grid (4.73km buffer from nearest event, real DEM & archive rain)",0,no_recorded_landslide_in_inventory,1.0,10.1,43.3,120.3,0.099
27.2333,88.5278,2014-07-15,964.0,43.52,180.0,-5.7252,None,Sikkim,Gangtok / Teesta Monitored Domain,"Observational grid (4.73km buffer from nearest event, real DEM & archive rain)",0,no_recorded_landslide_in_inventory,22.2,118.8,307.8,456.7,0.187
27.2333,88.5278,2015-12-10,964.0,43.52,180.0,-5.7252,None,Sikkim,Gangtok / Teesta Monitored Domain,"Observational grid (4.73km buffer from nearest event, real DEM & archive rain)",0,no_recorded_landslide_in_inventory,4.1,4.2,24.8,92.5,0.976
27.2333,88.5278,2016-08-05,964.0,43.52,180.0,-5.7252,None,Sikkim,Gangtok / Teesta Monitored Domain,"Observational grid (4.73km buffer from nearest event, real DEM & archive rain)",0,no_recorded_landslide_in_inventory,12.1,33.8,91.1,635.3,0.358
27.2333,88.5278,2017-02-15,964.0,43.52,180.0,-5.7252,None,Sikkim,Gangtok / Teesta Monitored Domain,"Observational grid (4.73km buffer from nearest event, real DEM & archive rain)",0,no_recorded_landslide_in_inventory,0.0,3.0,28.9,60.4,0.0
27.2333,88.5833,2014-01-20,1578.0,26.03,82.46,-3.1297,None,Sikkim,Gangtok / Teesta Monitored Domain,"Observational grid (3.37km buffer from nearest event, real DEM & archive rain)",0,no_recorded_landslide_in_inventory,1.0,10.1,43.3,120.3,0.099
27.2333,88.5833,2014-07-15,1578.0,26.03,82.46,-3.1297,None,Sikkim,Gangtok / Teesta Monitored Domain,"Observational grid (3.37km buffer from nearest event, real DEM & archive rain)",0,no_recorded_landslide_in_inventory,22.2,118.8,307.8,456.7,0.187
27.2333,88.5833,2015-12-10,1578.0,26.03,82.46,-3.1297,None,Sikkim,Gangtok / Teesta Monitored Domain,"Observational grid (3.37km buffer from nearest event, real DEM & archive rain)",0,no_recorded_landslide_in_inventory,4.1,4.2,24.8,92.5,0.976
27.2333,88.5833,2016-08-05,1578.0,26.03,82.46,-3.1297,None,Sikkim,Gangtok / Teesta Monitored Domain,"Observational grid (3.37km buffer from nearest event, real DEM & archive rain)",0,no_recorded_landslide_in_inventory,12.1,33.8,91.1,635.3,0.358
27.2333,88.5833,2017-02-15,1578.0,26.03,82.46,-3.1297,None,Sikkim,Gangtok / Teesta Monitored Domain,"Observational grid (3.37km buffer from nearest event, real DEM & archive rain)",0,no_recorded_landslide_in_inventory,0.0,1.8,2.9,8.5,0.0
27.2333,88.6389,2014-01-20,1457.0,53.95,350.83,11.0833,None,Sikkim,Gangtok / Teesta Monitored Domain,"Observational grid (2.57km buffer from nearest event, real DEM & archive rain)",0,no_recorded_landslide_in_inventory,1.0,10.1,43.3,120.3,0.099
27.2333,88.6389,2014-07-15,1457.0,53.95,350.83,11.0833,None,Sikkim,Gangtok / Teesta Monitored Domain,"Observational grid (2.57km buffer from nearest event, real DEM & archive rain)",0,no_recorded_landslide_in_inventory,22.2,118.8,307.8,456.7,0.187
27.2333,88.6389,2015-12-10,1457.0,53.95,350.83,11.0833,None,Sikkim,Gangtok / Teesta Monitored Domain,"Observational grid (2.57km buffer from nearest event, real DEM & archive rain)",0,no_recorded_landslide_in_inventory,4.1,4.2,24.8,92.5,0.976
27.2333,88.6389,2016-08-05,1457.0,53.95,350.83,11.0833,None,Sikkim,Gangtok / Teesta Monitored Domain,"Observational grid (2.57km buffer from nearest event, real DEM & archive rain)",0,no_recorded_landslide_in_inventory,12.1,33.8,91.1,635.3,0.358
27.2333,88.6389,2017-02-15,1457.0,53.95,350.83,11.0833,None,Sikkim,Gangtok / Teesta Monitored Domain,"Observational grid (2.57km buffer from nearest event, real DEM & archive rain)",0,no_recorded_landslide_in_inventory,0.0,1.8,2.9,8.5,0.0
27.2333,88.6944,2014-01-20,1404.0,29.62,14.58,2.5445,None,Sikkim,Gangtok / Teesta Monitored Domain,"Observational grid (2.41km buffer from nearest event, real DEM & archive rain)",0,no_recorded_landslide_in_inventory,1.0,10.1,43.3,120.3,0.099
27.2333,88.6944,2014-07-15,1404.0,29.62,14.58,2.5445,None,Sikkim,Gangtok / Teesta Monitored Domain,"Observational grid (2.41km buffer from nearest event, real DEM & archive rain)",0,no_recorded_landslide_in_inventory,22.2,118.8,307.8,456.7,0.187
27.2333,88.6944,2015-12-10,1404.0,29.62,14.58,2.5445,None,Sikkim,Gangtok / Teesta Monitored Domain,"Observational grid (2.41km buffer from nearest event, real DEM & archive rain)",0,no_recorded_landslide_in_inventory,4.1,4.2,24.8,92.5,0.976
27.2333,88.6944,2016-08-05,1404.0,29.62,14.58,2.5445,None,Sikkim,Gangtok / Teesta Monitored Domain,"Observational grid (2.41km buffer from nearest event, real DEM & archive rain)",0,no_recorded_landslide_in_inventory,12.1,33.8,91.1,635.3,0.358
27.2333,88.6944,2017-02-15,1404.0,29.62,14.58,2.5445,None,Sikkim,Gangtok / Teesta Monitored Domain,"Observational grid (2.41km buffer from nearest event, real DEM & archive rain)",0,no_recorded_landslide_in_inventory,0.1,1.4,1.6,12.8,0.071
27.2333,88.75,2014-01-20,1951.0,40.34,279.45,-4.4442,None,Sikkim,Gangtok / Teesta Monitored Domain,"Observational grid (2.19km buffer from nearest event, real DEM & archive rain)",0,no_recorded_landslide_in_inventory,0.1,4.4,12.5,31.8,0.023
27.2333,88.75,2014-07-15,1951.0,40.34,279.45,-4.4442,None,Sikkim,Gangtok / Teesta Monitored Domain,"Observational grid (2.19km buffer from nearest event, real DEM & archive rain)",0,no_recorded_landslide_in_inventory,31.3,104.3,218.6,401.5,0.3
27.2333,88.75,2015-12-10,1951.0,40.34,279.45,-4.4442,None,Sikkim,Gangtok / Teesta Monitored Domain,"Observational grid (2.19km buffer from nearest event, real DEM & archive rain)",0,no_recorded_landslide_in_inventory,0.8,0.8,7.0,25.5,0.8
27.2333,88.75,2016-08-05,1951.0,40.34,279.45,-4.4442,None,Sikkim,Gangtok / Teesta Monitored Domain,"Observational grid (2.19km buffer from nearest event, real DEM & archive rain)",0,no_recorded_landslide_in_inventory,35.6,82.2,197.6,613.3,0.433
27.2333,88.75,2017-02-15,1951.0,40.34,279.45,-4.4442,None,Sikkim,Gangtok / Teesta Monitored Domain,"Observational grid (2.19km buffer from nearest event, real DEM & archive rain)",0,no_recorded_landslide_in_inventory,0.0,2.3,4.4,13.5,0.0
27.2711,88.25,2014-01-20,737.0,40.17,1.14,-4.3625,None,Sikkim,Gangtok / Teesta Monitored Domain,"Observational grid (4.01km buffer from nearest event, real DEM & archive rain)",0,no_recorded_landslide_in_inventory,0.5,4.3,13.2,31.3,0.116
27.2711,88.25,2014-07-15,737.0,40.17,1.14,-4.3625,None,Sikkim,Gangtok / Teesta Monitored Domain,"Observational grid (4.01km buffer from nearest event, real DEM & archive rain)",0,no_recorded_landslide_in_inventory,37.6,89.8,190.6,317.7,0.419
27.2711,88.25,2015-12-10,737.0,40.17,1.14,-4.3625,None,Sikkim,Gangtok / Teesta Monitored Domain,"Observational grid (4.01km buffer from nearest event, real DEM & archive rain)",0,no_recorded_landslide_in_inventory,3.1,3.1,12.5,53.3,1.0
27.2711,88.25,2016-08-05,737.0,40.17,1.14,-4.3625,None,Sikkim,Gangtok / Teesta Monitored Domain,"Observational grid (4.01km buffer from nearest event, real DEM & archive rain)",0,no_recorded_landslide_in_inventory,8.3,17.8,57.8,592.5,0.466
27.2711,88.25,2017-02-15,737.0,40.17,1.14,-4.3625,None,Sikkim,Gangtok / Teesta Monitored Domain,"Observational grid (4.01km buffer from nearest event, real DEM & archive rain)",0,no_recorded_landslide_in_inventory,0.0,0.2,10.8,36.1,0.0
27.2711,88.3056,2014-01-20,1186.0,46.07,312.75,0.6315,None,Sikkim,Gangtok / Teesta Monitored Domain,"Observational grid (3.13km buffer from nearest event, real DEM & archive rain)",0,no_recorded_landslide_in_inventory,0.5,4.3,13.2,31.3,0.116
27.2711,88.3056,2014-07-15,1186.0,46.07,312.75,0.6315,None,Sikkim,Gangtok / Teesta Monitored Domain,"Observational grid (3.13km buffer from nearest event, real DEM & archive rain)",0,no_recorded_landslide_in_inventory,37.6,89.8,190.6,317.7,0.419
27.2711,88.3056,2015-12-10,1186.0,46.07,312.75,0.6315,None,Sikkim,Gangtok / Teesta Monitored Domain,"Observational grid (3.13km buffer from nearest event, real DEM & archive rain)",0,no_recorded_landslide_in_inventory,3.1,3.1,12.5,53.3,1.0
27.2711,88.3056,2016-08-05,1186.0,46.07,312.75,0.6315,None,Sikkim,Gangtok / Teesta Monitored Domain,"Observational grid (3.13km buffer from nearest event, real DEM & archive rain)",0,no_recorded_landslide_in_inventory,8.3,17.8,57.8,592.5,0.466
27.2711,88.3056,2017-02-15,1186.0,46.07,312.75,0.6315,None,Sikkim,Gangtok / Teesta Monitored Domain,"Observational grid (3.13km buffer from nearest event, real DEM & archive rain)",0,no_recorded_landslide_in_inventory,0.0,0.2,10.8,36.1,0.0
27.2711,88.3611,2018-07-20,2084.0,47.03,61.48,3.2656,None,Sikkim,Gangtok / Teesta Monitored Domain,"Observational grid (2.05km buffer from nearest event, real DEM & archive rain)",0,no_recorded_landslide_in_inventory,11.6,30.1,151.1,390.0,0.385
27.2711,88.3611,2019-01-15,2084.0,47.03,61.48,3.2656,None,Sikkim,Gangtok / Teesta Monitored Domain,"Observational grid (2.05km buffer from nearest event, real DEM & archive rain)",0,no_recorded_landslide_in_inventory,0.0,0.3,0.8,1.8,0.0
27.2711,88.3611,2020-08-10,2084.0,47.03,61.48,3.2656,None,Sikkim,Gangtok / Teesta Monitored Domain,"Observational grid (2.05km buffer from nearest event, real DEM & archive rain)",0,no_recorded_landslide_in_inventory,19.9,109.5,200.1,526.9,0.182
27.2711,88.4167,2018-07-20,688.0,28.41,355.09,-3.8164,None,Sikkim,Gangtok / Teesta Monitored Domain,"Observational grid (3.45km buffer from nearest event, real DEM & archive rain)",0,no_recorded_landslide_in_inventory,7.4,27.2,186.0,441.8,0.272
27.2711,88.4167,2019-01-15,688.0,28.41,355.09,-3.8164,None,Sikkim,Gangtok / Teesta Monitored Domain,"Observational grid (3.45km buffer from nearest event, real DEM & archive rain)",0,no_recorded_landslide_in_inventory,0.0,0.1,1.2,2.0,0.0
27.2711,88.4167,2020-08-10,688.0,28.41,355.09,-3.8164,None,Sikkim,Gangtok / Teesta Monitored Domain,"Observational grid (3.45km buffer from nearest event, real DEM & archive rain)",0,no_recorded_landslide_in_inventory,21.1,115.5,208.5,565.5,0.183
27.2711,88.4722,2018-07-20,1499.0,28.28,52.97,-4.3369,None,Sikkim,Gangtok / Teesta Monitored Domain,"Observational grid (7.73km buffer from nearest event, real DEM & archive rain)",0,no_recorded_landslide_in_inventory,8.8,19.2,68.3,344.8,0.458
27.2711,88.4722,2019-01-15,1499.0,28.28,52.97,-4.3369,None,Sikkim,Gangtok / Teesta Monitored Domain,"Observational grid (7.73km buffer from nearest event, real DEM & archive rain)",0,no_recorded_landslide_in_inventory,0.0,2.8,9.3,28.3,0.0
27.2711,88.4722,2020-08-10,1499.0,28.28,52.97,-4.3369,None,Sikkim,Gangtok / Teesta Monitored Domain,"Observational grid (7.73km buffer from nearest event, real DEM & archive rain)",0,no_recorded_landslide_in_inventory,65.6,199.5,211.8,737.8,0.329
27.2711,88.5278,2018-07-20,1178.0,15.18,0.0,-1.6358,None,Sikkim,Gangtok / Teesta Monitored Domain,"Observational grid (2.65km buffer from nearest event, real DEM & archive rain)",0,no_recorded_landslide_in_inventory,7.7,16.8,66.9,278.4,0.458
27.2711,88.5278,2019-01-15,1178.0,15.18,0.0,-1.6358,None,Sikkim,Gangtok / Teesta Monitored Domain,"Observational grid (2.65km buffer from nearest event, real DEM & archive rain)",0,no_recorded_landslide_in_inventory,0.0,0.4,0.5,2.3,0.0
27.2711,88.5278,2020-08-10,1178.0,15.18,0.0,-1.6358,None,Sikkim,Gangtok / Teesta Monitored Domain,"Observational grid (2.65km buffer from nearest event, real DEM & archive rain)",0,no_recorded_landslide_in_inventory,58.1,177.7,200.8,609.0,0.327
27.2711,88.6389,2018-07-20,1725.0,27.21,203.66,4.3834,None,Sikkim,Gangtok / Teesta Monitored Domain,"Observational grid (1.92km buffer from nearest event, real DEM & archive rain)",0,no_recorded_landslide_in_inventory,2.5,18.3,114.9,340.2,0.137
27.2711,88.6389,2019-01-15,1725.0,27.21,203.66,4.3834,None,Sikkim,Gangtok / Teesta Monitored Domain,"Observational grid (1.92km buffer from nearest event, real DEM & archive rain)",0,no_recorded_landslide_in_inventory,0.0,0.4,1.7,3.8,0.0
27.2711,88.6389,2020-08-10,1725.0,27.21,203.66,4.3834,None,Sikkim,Gangtok / Teesta Monitored Domain,"Observational grid (1.92km buffer from nearest event, real DEM & archive rain)",0,no_recorded_landslide_in_inventory,44.8,153.9,232.1,437.8,0.291
27.2711,88.6944,2018-07-20,1953.0,43.69,43.45,1.2676,None,Sikkim,Gangtok / Teesta Monitored Domain,"Observational grid (2.35km buffer from nearest event, real DEM & archive rain)",0,no_recorded_landslide_in_inventory,2.5,18.3,114.9,340.2,0.137
27.2711,88.6944,2019-01-15,1953.0,43.69,43.45,1.2676,None,Sikkim,Gangtok / Teesta Monitored Domain,"Observational grid (2.35km buffer from nearest event, real DEM & archive rain)",0,no_recorded_landslide_in_inventory,0.0,0.4,1.7,3.8,0.0
27.2711,88.6944,2020-08-10,1953.0,43.69,43.45,1.2676,None,Sikkim,Gangtok / Teesta Monitored Domain,"Observational grid (2.35km buffer from nearest event, real DEM & archive rain)",0,no_recorded_landslide_in_inventory,44.8,153.9,232.1,437.8,0.291
27.2711,88.75,2018-07-20,2485.0,50.95,126.6,11.3532,None,Sikkim,Gangtok / Teesta Monitored Domain,"Observational grid (1.79km buffer from nearest event, real DEM & archive rain)",0,no_recorded_landslide_in_inventory,19.0,35.5,117.1,333.1,0.535
27.2711,88.75,2019-01-15,2485.0,50.95,126.6,11.3532,None,Sikkim,Gangtok / Teesta Monitored Domain,"Observational grid (1.79km buffer from nearest event, real DEM & archive rain)",0,no_recorded_landslide_in_inventory,0.0,6.8,8.9,13.3,0.0
27.2711,88.75,2020-08-10,2485.0,50.95,126.6,11.3532,None,Sikkim,Gangtok / Teesta Monitored Domain,"Observational grid (1.79km buffer from nearest event, real DEM & archive rain)",0,no_recorded_landslide_in_inventory,36.4,226.6,302.3,513.8,0.161
27.3089,88.25,2018-07-20,1892.0,31.81,190.17,-4.3165,None,Sikkim,Gangtok / Teesta Monitored Domain,"Observational grid (3.1km buffer from nearest event, real DEM & archive rain)",0,no_recorded_landslide_in_inventory,0.5,6.1,44.4,310.3,0.082
27.3089,88.25,2019-01-15,1892.0,31.81,190.17,-4.3165,None,Sikkim,Gangtok / Teesta Monitored Domain,"Observational grid (3.1km buffer from nearest event, real DEM & archive rain)",0,no_recorded_landslide_in_inventory,0.1,8.3,27.6,49.0,0.012
27.3089,88.25,2020-08-10,1892.0,31.81,190.17,-4.3165,None,Sikkim,Gangtok / Teesta Monitored Domain,"Observational grid (3.1km buffer from nearest event, real DEM & archive rain)",0,no_recorded_landslide_in_inventory,70.6,221.2,252.6,533.2,0.319
27.3089,88.3056,2018-07-20,1104.0,30.52,99.57,-4.8154,None,Sikkim,Gangtok / Teesta Monitored Domain,"Observational grid (1.88km buffer from nearest event, real DEM & archive rain)",0,no_recorded_landslide_in_inventory,0.4,13.1,69.3,232.9,0.031
27.3089,88.3056,2019-01-15,1104.0,30.52,99.57,-4.8154,None,Sikkim,Gangtok / Teesta Monitored Domain,"Observational grid (1.88km buffer from nearest event, real DEM & archive rain)",0,no_recorded_landslide_in_inventory,0.0,2.1,7.4,9.5,0.0
27.3089,88.3056,2020-08-10,1104.0,30.52,99.57,-4.8154,None,Sikkim,Gangtok / Teesta Monitored Domain,"Observational grid (1.88km buffer from nearest event, real DEM & archive rain)",0,no_recorded_landslide_in_inventory,38.2,182.4,265.6,587.1,0.209
27.3089,88.3611,2021-07-15,2046.0,29.04,300.14,-2.0665,None,Sikkim,Gangtok / Teesta Monitored Domain,"Observational grid (2.18km buffer from nearest event, real DEM & archive rain)",0,no_recorded_landslide_in_inventory,23.6,51.1,155.6,403.1,0.462
27.3089,88.3611,2022-01-20,2046.0,29.04,300.14,-2.0665,None,Sikkim,Gangtok / Teesta Monitored Domain,"Observational grid (2.18km buffer from nearest event, real DEM & archive rain)",0,no_recorded_landslide_in_inventory,2.8,2.8,3.5,4.9,1.0
27.3089,88.3611,2023-08-10,2046.0,29.04,300.14,-2.0665,None,Sikkim,Gangtok / Teesta Monitored Domain,"Observational grid (2.18km buffer from nearest event, real DEM & archive rain)",0,no_recorded_landslide_in_inventory,8.0,50.4,84.4,150.6,0.159
27.3089,88.4167,2021-07-15,1357.0,27.41,120.57,1.5214,None,Sikkim,Gangtok / Teesta Monitored Domain,"Observational grid (2.27km buffer from nearest event, real DEM & archive rain)",0,no_recorded_landslide_in_inventory,24.4,58.8,154.8,409.0,0.415
27.3089,88.4167,2022-01-20,1357.0,27.41,120.57,1.5214,None,Sikkim,Gangtok / Teesta Monitored Domain,"Observational grid (2.27km buffer from nearest event, real DEM & archive rain)",0,no_recorded_landslide_in_inventory,1.3,1.3,1.9,2.6,1.0
27.3089,88.4167,2023-08-10,1357.0,27.41,120.57,1.5214,None,Sikkim,Gangtok / Teesta Monitored Domain,"Observational grid (2.27km buffer from nearest event, real DEM & archive rain)",0,no_recorded_landslide_in_inventory,14.4,85.1,160.6,254.4,0.169
27.3089,88.4722,2021-07-15,1187.0,31.44,189.52,-2.9537,None,Sikkim,Gangtok / Teesta Monitored Domain,"Observational grid (7.71km buffer from nearest event, real DEM & archive rain)",0,no_recorded_landslide_in_inventory,49.2,123.0,224.4,560.8,0.4
27.3089,88.4722,2022-01-20,1187.0,31.44,189.52,-2.9537,None,Sikkim,Gangtok / Teesta Monitored Domain,"Observational grid (7.71km buffer from nearest event, real DEM & archive rain)",0,no_recorded_landslide_in_inventory,0.1,0.1,21.6,56.7,0.1
27.3089,88.4722,2023-08-10,1187.0,31.44,189.52,-2.9537,None,Sikkim,Gangtok / Teesta Monitored Domain,"Observational grid (7.71km buffer from nearest event, real DEM & archive rain)",0,no_recorded_landslide_in_inventory,11.2,41.2,161.6,361.8,0.272
27.3089,88.5278,2021-07-15,2010.0,0.86,180.0,-0.0909,None,Sikkim,Gangtok / Teesta Monitored Domain,"Observational grid (3.24km buffer from nearest event, real DEM & archive rain)",0,no_recorded_landslide_in_inventory,23.6,51.1,155.6,403.1,0.462
27.3089,88.5278,2022-01-20,2010.0,0.86,180.0,-0.0909,None,Sikkim,Gangtok / Teesta Monitored Domain,"Observational grid (3.24km buffer from nearest event, real DEM & archive rain)",0,no_recorded_landslide_in_inventory,2.8,2.8,3.5,4.9,1.0
27.3089,88.5278,2023-08-10,2010.0,0.86,180.0,-0.0909,None,Sikkim,Gangtok / Teesta Monitored Domain,"Observational grid (3.24km buffer from nearest event, real DEM & archive rain)",0,no_recorded_landslide_in_inventory,8.0,50.4,84.4,150.6,0.159
27.3089,88.5833,2021-07-15,977.0,34.32,101.14,-4.9517,None,Sikkim,Gangtok / Teesta Monitored Domain,"Observational grid (3.38km buffer from nearest event, real DEM & archive rain)",0,no_recorded_landslide_in_inventory,23.5,78.5,136.9,350.7,0.299
27.3089,88.5833,2022-01-20,977.0,34.32,101.14,-4.9517,None,Sikkim,Gangtok / Teesta Monitored Domain,"Observational grid (3.38km buffer from nearest event, real DEM & archive rain)",0,no_recorded_landslide_in_inventory,0.8,0.8,7.3,27.9,0.8
27.3089,88.5833,2023-08-10,977.0,34.32,101.14,-4.9517,None,Sikkim,Gangtok / Teesta Monitored Domain,"Observational grid (3.38km buffer from nearest event, real DEM & archive rain)",0,no_recorded_landslide_in_inventory,7.3,62.7,139.8,254.4,0.116
27.3089,88.6389,2021-07-15,1647.0,26.29,194.32,-2.522,None,Sikkim,Gangtok / Teesta Monitored Domain,"Observational grid (2.6km buffer from nearest event, real DEM & archive rain)",0,no_recorded_landslide_in_inventory,24.6,73.5,165.9,376.7,0.335
27.3089,88.6389,2022-01-20,1647.0,26.29,194.32,-2.522,None,Sikkim,Gangtok / Teesta Monitored Domain,"Observational grid (2.6km buffer from nearest event, real DEM & archive rain)",0,no_recorded_landslide_in_inventory,4.0,4.0,24.3,75.9,1.0
27.3089,88.6389,2023-08-10,1647.0,26.29,194.32,-2.522,None,Sikkim,Gangtok / Teesta Monitored Domain,"Observational grid (2.6km buffer from nearest event, real DEM & archive rain)",0,no_recorded_landslide_in_inventory,1.2,70.2,92.3,207.2,0.017
27.3467,88.25,2021-07-15,1904.0,37.8,320.13,-7.8625,None,Sikkim,Gangtok / Teesta Monitored Domain,"Observational grid (3.7km buffer from nearest event, real DEM & archive rain)",0,no_recorded_landslide_in_inventory,40.6,128.0,173.6,500.8,0.317
27.3467,88.25,2022-01-20,1904.0,37.8,320.13,-7.8625,None,Sikkim,Gangtok / Teesta Monitored Domain,"Observational grid (3.7km buffer from nearest event, real DEM & archive rain)",0,no_recorded_landslide_in_inventory,4.9,5.9,21.5,41.5,0.831
27.3467,88.25,2023-08-10,1904.0,37.8,320.13,-7.8625,None,Sikkim,Gangtok / Teesta Monitored Domain,"Observational grid (3.7km buffer from nearest event, real DEM & archive rain)",0,no_recorded_landslide_in_inventory,3.7,48.5,101.7,149.4,0.076
27.3467,88.3056,2021-07-15,1616.0,29.85,56.07,-4.4769,None,Sikkim,Gangtok / Teesta Monitored Domain,"Observational grid (2.13km buffer from nearest event, real DEM & archive rain)",0,no_recorded_landslide_in_inventory,25.0,63.6,114.1,387.5,0.393
27.3467,88.3056,2022-01-20,1616.0,29.85,56.07,-4.4769,None,Sikkim,Gangtok / Teesta Monitored Domain,"Observational grid (2.13km buffer from nearest event, real DEM & archive rain)",0,no_recorded_landslide_in_inventory,7.6,7.6,20.5,25.9,1.0
27.3467,88.3056,2023-08-10,1616.0,29.85,56.07,-4.4769,None,Sikkim,Gangtok / Teesta Monitored Domain,"Observational grid (2.13km buffer from nearest event, real DEM & archive rain)",0,no_recorded_landslide_in_inventory,0.8,67.8,100.6,146.0,0.012
27.3467,88.3611,2021-07-15,2383.0,25.55,265.02,-2.7049,None,Sikkim,Gangtok / Teesta Monitored Domain,"Observational grid (5.06km buffer from nearest event, real DEM & archive rain)",0,no_recorded_landslide_in_inventory,27.3,69.4,138.8,415.4,0.393
27.3467,88.3611,2022-01-20,2383.0,25.55,265.02,-2.7049,None,Sikkim,Gangtok / Teesta Monitored Domain,"Observational grid (5.06km buffer from nearest event, real DEM & archive rain)",0,no_recorded_landslide_in_inventory,12.1,12.1,39.1,74.4,1.0
27.3467,88.3611,2023-08-10,2383.0,25.55,265.02,-2.7049,None,Sikkim,Gangtok / Teesta Monitored Domain,"Observational grid (5.06km buffer from nearest event, real DEM & archive rain)",0,no_recorded_landslide_in_inventory,1.4,55.6,90.9,164.2,0.025
27.3467,88.4167,2021-07-15,2696.0,30.76,93.27,3.5457,None,Sikkim,Gangtok / Teesta Monitored Domain,"Observational grid (5.18km buffer from nearest event, real DEM & archive rain)",0,no_recorded_landslide_in_inventory,26.3,65.4,164.7,422.1,0.402
27.3467,88.4167,2022-01-20,2696.0,30.76,93.27,3.5457,None,Sikkim,Gangtok / Teesta Monitored Domain,"Observational grid (5.18km buffer from nearest event, real DEM & archive rain)",0,no_recorded_landslide_in_inventory,6.3,6.6,13.9,19.4,0.955
27.3467,88.4167,2023-08-10,2696.0,30.76,93.27,3.5457,None,Sikkim,Gangtok / Teesta Monitored Domain,"Observational grid (5.18km buffer from nearest event, real DEM & archive rain)",0,no_recorded_landslide_in_inventory,17.5,89.5,166.7,311.0,0.196
27.3467,88.4722,2021-07-15,753.0,36.1,88.52,-5.7957,None,Sikkim,Gangtok / Teesta Monitored Domain,"Observational grid (9.01km buffer from nearest event, real DEM & archive rain)",0,no_recorded_landslide_in_inventory,49.2,123.0,224.4,560.8,0.4
27.3467,88.4722,2022-01-20,753.0,36.1,88.52,-5.7957,None,Sikkim,Gangtok / Teesta Monitored Domain,"Observational grid (9.01km buffer from nearest event, real DEM & archive rain)",0,no_recorded_landslide_in_inventory,0.1,0.1,21.6,56.7,0.1
27.3467,88.4722,2023-08-10,753.0,36.1,88.52,-5.7957,None,Sikkim,Gangtok / Teesta Monitored Domain,"Observational grid (9.01km buffer from nearest event, real DEM & archive rain)",0,no_recorded_landslide_in_inventory,11.2,41.2,161.6,361.8,0.272
27.3467,88.5278,2021-07-15,2558.0,42.6,0.0,-5.5435,None,Sikkim,Gangtok / Teesta Monitored Domain,"Observational grid (7.02km buffer from nearest event, real DEM & archive rain)",0,no_recorded_landslide_in_inventory,26.3,65.4,164.7,422.1,0.402
27.3467,88.5278,2022-01-20,2558.0,42.6,0.0,-5.5435,None,Sikkim,Gangtok / Teesta Monitored Domain,"Observational grid (7.02km buffer from nearest event, real DEM & archive rain)",0,no_recorded_landslide_in_inventory,6.3,6.6,13.9,19.4,0.955
27.3467,88.5278,2023-08-10,2558.0,42.6,0.0,-5.5435,None,Sikkim,Gangtok / Teesta Monitored Domain,"Observational grid (7.02km buffer from nearest event, real DEM & archive rain)",0,no_recorded_landslide_in_inventory,17.5,89.5,166.7,311.0,0.196
